{
  "fold": 3,
  "AUC": 0.9497566397118,
  "F1": 0.9413919413919414,
  "Sensitivity (Recall)": 0.9553903345724907,
  "Precision": 0.927797833935018
}