{
  "fold": 1,
  "AUC": 0.9487208858342879,
  "F1": 0.9345794392523364,
  "Sensitivity (Recall)": 0.9259259259259259,
  "Precision": 0.9433962264150944
}