feature,rf_importance
miR21_log2,0.3652980054435651
miR21_expression,0.3252499548431851
miR21_zscore,0.2933409740351325
parity,0.005181650601369383
number_of_sexual_partners,0.0038234096710482142
socioeconomic_status,0.0014652133790941657
pelvic_pain,0.0013455793599496519
prior_screening,0.0010211652088354458
smoker,0.0009969437508178746
hiv_status,0.0008726976741496777
hpv_vaccinated,0.0008284273592806444
abnormal_bleeding,0.000575978673572162
