Age Decade,Region,Sensitivity,Specificity
20,2,0.5,0.0
20,3,0.25,1.0
20,4,0.0,0.0
20,5,0.5,1.0
30,1,0.0,0.0
30,2,1.0,1.0
30,3,1.0,0.0
30,4,1.0,0.0
30,5,0.25,0.0
40,1,0.3333333333333333,0.0
40,2,1.0,0.0
40,3,1.0,1.0
40,4,0.5,1.0
40,5,0.0,0.5
50,1,0.6666666666666666,0.0
50,2,0.5,0.0
50,3,0.8,1.0
50,4,1.0,0.0
50,5,1.0,0.0
60,1,1.0,0.0
60,2,0.0,0.0
60,4,0.0,1.0
60,5,0.0,0.0
70,1,0.0,1.0
70,2,1.0,1.0
70,3,0.0,1.0
70,4,1.0,1.0
70,5,1.0,1.0
80,4,1.0,0.0
