{
  "fold": 2,
  "AUC": 0.9514660493827161,
  "F1": 0.9458483754512635,
  "Sensitivity (Recall)": 0.9703703703703703,
  "Precision": 0.9225352112676056
}