{
  "AUC": 0.9546436032699749,
  "F1": 0.9436868563611484,
  "Sensitivity": 0.9524934600027537,
  "Precision": 0.935299799573141
}