Age Decade,Region,Sensitivity,Specificity
20,1,1.0,0.0
20,2,1.0,0.0
20,3,1.0,0.0
20,4,1.0,1.0
20,5,1.0,0.0
30,1,1.0,0.0
30,2,1.0,0.0
30,3,1.0,0.0
30,4,0.5,1.0
30,5,0.0,0.5
40,2,0.6666666666666666,0.5
40,3,0.3333333333333333,0.0
40,5,1.0,0.0
50,1,1.0,0.0
50,2,0.0,1.0
50,3,0.6666666666666666,0.0
50,4,0.0,0.0
50,5,0.75,1.0
60,1,1.0,0.0
60,2,0.6666666666666666,0.0
60,3,1.0,0.0
60,5,0.5,0.0
70,1,1.0,0.0
70,2,0.75,1.0
70,3,0.8,0.0
70,4,1.0,0.0
70,5,1.0,1.0
