{
  "fold": 4,
  "AUC": 0.9658912351971793,
  "F1": 0.9424860853432282,
  "Sensitivity (Recall)": 0.9442379182156134,
  "Precision": 0.9407407407407408
}