{
  "fold": 5,
  "AUC": 0.9573832062238915,
  "F1": 0.9541284403669725,
  "Sensitivity (Recall)": 0.966542750929368,
  "Precision": 0.9420289855072463
}